REM INSERTING into ADMINLOL.BANCO
SET DEFINE OFF;
Insert into ADMINLOL.BANCO (IDBANCO,DOMICILIO,NOMBRE) values (100,'Venustiano Carranza 2345 Col. República','Santander');
Insert into ADMINLOL.BANCO (IDBANCO,DOMICILIO,NOMBRE) values (101,'Nazario Ortíz Garza 6424 Col. Doctores','Bancomer');
Insert into ADMINLOL.BANCO (IDBANCO,DOMICILIO,NOMBRE) values (102,'José Musa de León 8274 Col. Los Pinos','Banorte');
REM INSERTING into ADMINLOL.CLIENTE
SET DEFINE OFF;
Insert into ADMINLOL.CLIENTE (IDCLIENTE,NOMBRECLIENTE,CONTACTO,RFC) values (1,'Yayirobe González Torres','yayi@robe.com','GOTY150101FT1');
Insert into ADMINLOL.CLIENTE (IDCLIENTE,NOMBRECLIENTE,CONTACTO,RFC) values (2,'Varg Vikernes Seitan','trvekvlt@burzum.com','VISV860606EDA');
Insert into ADMINLOL.CLIENTE (IDCLIENTE,NOMBRECLIENTE,CONTACTO,RFC) values (3,'Roberto Agustín Trujillo Veracruz','bass@3inchesfromtheground.com','TUVR641023BN7');
Insert into ADMINLOL.CLIENTE (IDCLIENTE,NOMBRECLIENTE,CONTACTO,RFC) values (4,'John Steren Tesla','john@diodos.com','SETJ470810CQ9');
Insert into ADMINLOL.CLIENTE (IDCLIENTE,NOMBRECLIENTE,CONTACTO,RFC) values (5,'Jesús Antonio Nevarez Aceves','fusro@dah.com','NEAJ031106JZ0');
Insert into ADMINLOL.CLIENTE (IDCLIENTE,NOMBRECLIENTE,CONTACTO,RFC) values (6,'John Rambo Stallone','tatatata@rambo.com','RASJ620307HC4');
Insert into ADMINLOL.CLIENTE (IDCLIENTE,NOMBRECLIENTE,CONTACTO,RFC) values (7,'Roberto Gómez Bolaños','chanfle@chespirito.ch','GOBR281204S5A');
Insert into ADMINLOL.CLIENTE (IDCLIENTE,NOMBRECLIENTE,CONTACTO,RFC) values (8,'Calvin Cordozar Broadus Jr.','w33derryday@snoopdogg.com','COBC700624G77');
Insert into ADMINLOL.CLIENTE (IDCLIENTE,NOMBRECLIENTE,CONTACTO,RFC) values (9,'Jon Snow Targaryen','mywatch@hasended.com','SOTJ880418B2A');
Insert into ADMINLOL.CLIENTE (IDCLIENTE,NOMBRECLIENTE,CONTACTO,RFC) values (10,'Donald F. Trump','kidareyou@mexico.com','FUTD430210BW7');
REM INSERTING into ADMINLOL.CUENTA
SET DEFINE OFF;
Insert into ADMINLOL.CUENTA (IDBANCO,IDCUENTA,IDCLIENTE,IDTIPOCUENTA,NUMEROCUENTA) values (100,1,1,2,151312);
Insert into ADMINLOL.CUENTA (IDBANCO,IDCUENTA,IDCLIENTE,IDTIPOCUENTA,NUMEROCUENTA) values (102,2,1,1,689321);
Insert into ADMINLOL.CUENTA (IDBANCO,IDCUENTA,IDCLIENTE,IDTIPOCUENTA,NUMEROCUENTA) values (101,3,2,3,728453);
Insert into ADMINLOL.CUENTA (IDBANCO,IDCUENTA,IDCLIENTE,IDTIPOCUENTA,NUMEROCUENTA) values (101,4,2,1,728454);
Insert into ADMINLOL.CUENTA (IDBANCO,IDCUENTA,IDCLIENTE,IDTIPOCUENTA,NUMEROCUENTA) values (100,5,2,2,152423);
Insert into ADMINLOL.CUENTA (IDBANCO,IDCUENTA,IDCLIENTE,IDTIPOCUENTA,NUMEROCUENTA) values (102,6,3,3,681234);
Insert into ADMINLOL.CUENTA (IDBANCO,IDCUENTA,IDCLIENTE,IDTIPOCUENTA,NUMEROCUENTA) values (100,7,3,3,161344);
Insert into ADMINLOL.CUENTA (IDBANCO,IDCUENTA,IDCLIENTE,IDTIPOCUENTA,NUMEROCUENTA) values (101,8,4,1,727828);
Insert into ADMINLOL.CUENTA (IDBANCO,IDCUENTA,IDCLIENTE,IDTIPOCUENTA,NUMEROCUENTA) values (101,9,4,2,727829);
Insert into ADMINLOL.CUENTA (IDBANCO,IDCUENTA,IDCLIENTE,IDTIPOCUENTA,NUMEROCUENTA) values (100,10,5,2,151099);
Insert into ADMINLOL.CUENTA (IDBANCO,IDCUENTA,IDCLIENTE,IDTIPOCUENTA,NUMEROCUENTA) values (102,11,5,3,682333);
Insert into ADMINLOL.CUENTA (IDBANCO,IDCUENTA,IDCLIENTE,IDTIPOCUENTA,NUMEROCUENTA) values (100,12,6,1,161882);
Insert into ADMINLOL.CUENTA (IDBANCO,IDCUENTA,IDCLIENTE,IDTIPOCUENTA,NUMEROCUENTA) values (101,13,6,1,729023);
Insert into ADMINLOL.CUENTA (IDBANCO,IDCUENTA,IDCLIENTE,IDTIPOCUENTA,NUMEROCUENTA) values (101,14,7,2,729121);
Insert into ADMINLOL.CUENTA (IDBANCO,IDCUENTA,IDCLIENTE,IDTIPOCUENTA,NUMEROCUENTA) values (102,15,7,3,689110);
Insert into ADMINLOL.CUENTA (IDBANCO,IDCUENTA,IDCLIENTE,IDTIPOCUENTA,NUMEROCUENTA) values (100,16,8,1,153923);
Insert into ADMINLOL.CUENTA (IDBANCO,IDCUENTA,IDCLIENTE,IDTIPOCUENTA,NUMEROCUENTA) values (100,17,8,2,153924);
Insert into ADMINLOL.CUENTA (IDBANCO,IDCUENTA,IDCLIENTE,IDTIPOCUENTA,NUMEROCUENTA) values (101,18,9,3,729036);
Insert into ADMINLOL.CUENTA (IDBANCO,IDCUENTA,IDCLIENTE,IDTIPOCUENTA,NUMEROCUENTA) values (102,19,9,1,682910);
Insert into ADMINLOL.CUENTA (IDBANCO,IDCUENTA,IDCLIENTE,IDTIPOCUENTA,NUMEROCUENTA) values (102,20,10,1,682999);
Insert into ADMINLOL.CUENTA (IDBANCO,IDCUENTA,IDCLIENTE,IDTIPOCUENTA,NUMEROCUENTA) values (100,21,10,2,162013);
REM INSERTING into ADMINLOL.TIPOCUENTA
SET DEFINE OFF;
Insert into ADMINLOL.TIPOCUENTA (IDTIPOCUENTA,TIPOCUENTA) values (1,'Cheques');
Insert into ADMINLOL.TIPOCUENTA (IDTIPOCUENTA,TIPOCUENTA) values (2,'Ahorro');
Insert into ADMINLOL.TIPOCUENTA (IDTIPOCUENTA,TIPOCUENTA) values (3,'Depósito');
REM INSERTING into ADMINLOL.TRANSACCIONES
SET DEFINE OFF;
Insert into ADMINLOL.TRANSACCIONES (IDTRANSACCION,IDBANCO,IDCUENTA,NUMEROCUENTA,TIPOTRANSACCION,RETIRO,DEPOSITO,MONTO,FECHA,IDCLIENTE) values (1,100,1,151312,'DEPOSITO',0,1000,1000,to_date('29/05/16','DD/MM/RR'),1);
Insert into ADMINLOL.TRANSACCIONES (IDTRANSACCION,IDBANCO,IDCUENTA,NUMEROCUENTA,TIPOTRANSACCION,RETIRO,DEPOSITO,MONTO,FECHA,IDCLIENTE) values (2,100,1,151312,'DEPOSITO',0,4000,4000,to_date('29/05/16','DD/MM/RR'),1);
Insert into ADMINLOL.TRANSACCIONES (IDTRANSACCION,IDBANCO,IDCUENTA,NUMEROCUENTA,TIPOTRANSACCION,RETIRO,DEPOSITO,MONTO,FECHA,IDCLIENTE) values (3,102,2,689321,'DEPOSITO',0,5000,5000,to_date('29/05/16','DD/MM/RR'),1);
Insert into ADMINLOL.TRANSACCIONES (IDTRANSACCION,IDBANCO,IDCUENTA,NUMEROCUENTA,TIPOTRANSACCION,RETIRO,DEPOSITO,MONTO,FECHA,IDCLIENTE) values (4,100,1,151312,'RETIRO',500,0,-500,to_date('29/05/16','DD/MM/RR'),1);
Insert into ADMINLOL.TRANSACCIONES (IDTRANSACCION,IDBANCO,IDCUENTA,NUMEROCUENTA,TIPOTRANSACCION,RETIRO,DEPOSITO,MONTO,FECHA,IDCLIENTE) values (5,101,3,728453,'DEPOSITO',0,450,450,to_date('29/05/16','DD/MM/RR'),2);
Insert into ADMINLOL.TRANSACCIONES (IDTRANSACCION,IDBANCO,IDCUENTA,NUMEROCUENTA,TIPOTRANSACCION,RETIRO,DEPOSITO,MONTO,FECHA,IDCLIENTE) values (6,100,1,151312,'RETIRO',200,0,-200,to_date('30/05/16','DD/MM/RR'),1);